"id","name","catchPhrase","bs","domain","street","city","state","country","zipCode"
1,"Harvey Inc","Assimilated bi-directional function","empower back-end ROI","harveyincfake.com","61276 Dibbert Course","Smithmouth","South Dakota","Portugal","37176-5923"
2,"Russel - Schaefer","Implemented context-sensitive data-warehouse","transform synergistic metrics","russel-schaeferfake.com","3165 Kris Overpass","New Howellberg","Louisiana","United States Minor Outlying Islands","87357-6526"
3,"Pfannerstill - Runolfsdottir","Versatile client-driven policy","aggregate cross-media interfaces","pfannerstill-runolfsdottirfake.com","694 Krajcik Circles","Sageberg","North Carolina","Monaco","39776"
4,"Becker, O'Kon and Marvin","Compatible human-resource circuit","e-enable best-of-breed supply-chains","beckerokonandmarvinfake.com","03601 Mills Shoals","East Tre","Rhode Island","Guyana","53138-6854"
5,"Mueller - Simonis","Multi-tiered actuating flexibility","synergize viral synergies","mueller-simonisfake.com","424 Andreanne Mills","New Murray","Washington","Finland","16295-9275"
6,"Weimann, Macejkovic and Deckow","Organic zero defect artificial intelligence","implement world-class functionalities","weimannmacejkovicanddeckowfake.com","5154 Meagan Flat","Milwaukee","Massachusetts","Rwanda","70977-6123"
7,"Reichel Inc","Assimilated impactful installation","architect bricks-and-clicks deliverables","reichelincfake.com","92198 Heather Meadow","Lake Braedenborough","South Carolina","Cape Verde","54248"
8,"Strosin - Mosciski","Seamless non-volatile access","implement B2B markets","strosin-mosciskifake.com","47416 Mauricio Ridges","Andresstad","Mississippi","Azerbaijan","42473"
9,"Schuppe and Sons","Diverse fresh-thinking array","architect dynamic web-readiness","schuppeandsonsfake.com","4136 Gleason Pass","Dooleyshire","Washington","Barbados","28313-7685"
10,"Rolfson - Rice","Distributed analyzing Graphical User Interface","optimize bleeding-edge content","rolfson-ricefake.com","2360 Schaefer Vista","Towson","Colorado","Swaziland","64895"
11,"Baumbach, Sipes and Lesch","Pre-emptive foreground synergy","scale distributed content","baumbachsipesandleschfake.com","0831 Schoen Expressway","West Jordan","Hawaii","Anguilla","48647-1260"
12,"Schumm LLC","Assimilated logistical protocol","extend cross-media convergence","schummllcfake.com","552 Kellie Manor","Duluth","Connecticut","Monaco","59144"
13,"Homenick, Huels and Ratke","Focused 24/7 info-mediaries","unleash user-centric communities","homenickhuelsandratkefake.com","524 Evelyn Key","Warner Robins","Rhode Island","Netherlands Antilles","39820-7616"
14,"Bayer and Sons","Re-engineered demand-driven architecture","benchmark mission-critical markets","bayerandsonsfake.com","038 Samir View","Port Ottiliehaven","Kansas","Portugal","97002-7398"
15,"Nolan, Rempel and Kessler","Cloned incremental data-warehouse","seize impactful web services","nolanrempelandkesslerfake.com","030 Welch Inlet","New Zoey","Ohio","Christmas Island","95498"
16,"Friesen - Homenick","Face to face well-modulated system engine","orchestrate value-added e-services","friesen-homenickfake.com","032 Garth Stream","East Ethamouth","Minnesota","Northern Mariana Islands","05373-2514"
17,"Donnelly, Blick and Haley","Optional executive policy","envisioneer 24/365 e-tailers","donnellyblickandhaleyfake.com","67957 Hayes Squares","North Howard","Kansas","Croatia","02127-2508"
18,"Walter, Collier and Kulas","Exclusive global leverage","implement out-of-the-box initiatives","waltercollierandkulasfake.com","91928 Stephania Junction","Emileton","California","Greece","56890"
19,"VonRueden Inc","Automated actuating solution","benchmark 24/7 paradigms","vonruedenincfake.com","901 Wiza Common","Lake Shany","Alaska","Norfolk Island","71716-6529"
20,"Armstrong and Sons","Ameliorated reciprocal open system","engineer dynamic deliverables","armstrongandsonsfake.com","5647 Flatley Plaza","Corkerymouth","Maine","Chile","12085-0348"
21,"Schmitt - Runolfsson","De-engineered 4th generation policy","generate leading-edge interfaces","schmitt-runolfssonfake.com","93267 Reichert Highway","Florenceton","Missouri","Liechtenstein","31749-5928"
22,"O'Conner - Hickle","Cloned 3rd generation moderator","drive mission-critical e-services","oconner-hicklefake.com","46237 Tromp Mall","Medford","Minnesota","Turks and Caicos Islands","04429-9456"
23,"Treutel and Sons","Cloned motivating knowledge user","transform rich partnerships","treutelandsonsfake.com","21773 Bednar Ferry","East Loyceton","Texas","Saint Barthelemy","32569-2311"
24,"Swift, Wolff and Block","Reactive multi-state superstructure","deliver virtual mindshare","swiftwolffandblockfake.com","909 Floy Spring","Hollywood","Arkansas","American Samoa","20360"
25,"Fisher LLC","Synchronised zero defect methodology","harness one-to-one blockchains","fisherllcfake.com","300 Leonardo Mission","Roswell","Massachusetts","Pitcairn Islands","40955"
26,"Price and Sons","Function-based radical middleware","optimize open-source action-items","priceandsonsfake.com","17697 Ben Via","South Estefaniaton","Washington","Croatia","14633-0486"
27,"Pagac Inc","Seamless static encryption","drive real-time metrics","pagacincfake.com","97903 Schultz Fields","Miami Beach","Maryland","Afghanistan","35724-1235"
28,"Dibbert Inc","Multi-channelled cohesive database","deploy interactive niches","dibbertincfake.com","072 Adolfo Lane","South Kiannatown","Tennessee","Morocco","88036-2874"
29,"Sipes, Beahan and Gerlach","Monitored bottom-line concept","recontextualize interactive bandwidth","sipesbeahanandgerlachfake.com","17396 Nikolaus Mall","South Gisselle","California","Sudan","81477-0257"
30,"Ernser - Stiedemann","Innovative upward-trending emulation","repurpose rich niches","ernser-stiedemannfake.com","199 Jermaine Forges","Katherinetown","Michigan","Peru","47695-7173"
31,"Frami, Farrell and Spinka","Business-focused tertiary standardization","embrace customized e-markets","framifarrellandspinkafake.com","72766 Crystel Divide","West Dylanside","Alaska","Vietnam","00768-3871"
32,"Thompson, Thiel and Schmitt","Balanced next generation moderator","reintermediate seamless platforms","thompsonthielandschmittfake.com","520 Lakin Stravenue","Pensacola","Alaska","Tokelau","65392"
33,"Miller Group","Up-sized analyzing application","architect efficient interfaces","millergroupfake.com","12793 Karson Mountains","West Gregtown","Massachusetts","Anguilla","24502-1355"
34,"Kunde, O'Keefe and Batz","Cross-platform stable matrix","reintermediate cutting-edge blockchains","kundeokeefeandbatzfake.com","100 Murazik Trace","Mannhaven","South Dakota","Poland","74714"
35,"Lang - Bahringer","Fundamental system-worthy pricing structure","transform bleeding-edge convergence","lang-bahringerfake.com","168 Prosacco Center","Hackensack","Rhode Island","Sierra Leone","78610"
36,"Ernser LLC","Monitored analyzing portal","orchestrate strategic applications","ernserllcfake.com","440 Labadie Causeway","Lake Helen","Georgia","Bhutan","96184"
37,"Sawayn, Willms and Lowe","Sharable modular task-force","iterate killer applications","sawaynwillmsandlowefake.com","6416 Scot Road","West Carolina","Virginia","Dominica","61835"
38,"Maggio, Daniel and Yundt","Monitored clear-thinking access","benchmark ubiquitous metrics","maggiodanielandyundtfake.com","50778 Ryan Rue","Port Oswaldoberg","North Carolina","Nicaragua","12974-0980"
39,"Hagenes, Kub and Johnston","Optional needs-based success","deliver seamless portals","hageneskubandjohnstonfake.com","141 Princess Flat","Wilson","Ohio","Bermuda","64130"
40,"Durgan, Koelpin and Beer","Reduced dedicated challenge","aggregate world-class convergence","durgankoelpinandbeerfake.com","340 Nedra Plains","Stantonmouth","Nebraska","Hungary","86840-4626"
41,"Mante, Kovacek and Senger","Front-line fresh-thinking throughput","orchestrate synergistic synergies","mantekovacekandsengerfake.com","3779 Medhurst Plain","East Shawnmouth","Washington","Cyprus","50264-2660"
42,"Cole, Erdman and Jacobi","Cross-platform methodical process improvement","implement dot-com bandwidth","coleerdmanandjacobifake.com","08460 Nicolas Ridges","Huelston","Virginia","Bahrain","15915"
43,"D'Amore - Flatley","Persevering reciprocal archive","transition turn-key models","damore-flatleyfake.com","19930 Sipes Meadows","North Laceyburgh","Minnesota","Haiti","73405-1973"
44,"Kshlerin - Franecki","Devolved zero defect ability","innovate cross-platform solutions","kshlerin-franeckifake.com","92755 Annetta Brook","East Hilda","Hawaii","Haiti","55555"
45,"Sporer, Pacocha and Beatty","Persistent stable analyzer","disintermediate rich e-tailers","sporerpacochaandbeattyfake.com","3908 Liana Terrace","Monserratetown","North Carolina","Angola","63008-9731"
46,"Stanton and Sons","Universal bifurcated secured line","expedite collaborative communities","stantonandsonsfake.com","398 Rosie Greens","New Milliemouth","Wyoming","Thailand","38733-6625"
47,"Gottlieb, Medhurst and Flatley","Object-based object-oriented knowledge base","matrix intuitive experiences","gottliebmedhurstandflatleyfake.com","92521 Mraz Avenue","Port Ashaton","West Virginia","Oman","07042-7420"
48,"Grant Inc","Configurable well-modulated support","facilitate one-to-one e-services","grantincfake.com","40548 Raheem Grove","East Marshall","Michigan","Reunion","33903-1841"
49,"Bode, Lebsack and Padberg","Re-contextualized secondary encryption","streamline 24/365 portals","bodelebsackandpadbergfake.com","006 Stamm Drives","Spokane","New Jersey","Monaco","07400"
50,"Cassin, Quitzon and Legros","Exclusive optimizing workforce","target dynamic e-tailers","cassinquitzonandlegrosfake.com","844 Cremin Valleys","Appleton","Idaho","Zimbabwe","76574"
51,"Simonis, Howe and Ruecker","Innovative even-keeled contingency","syndicate proactive networks","simonishoweandrueckerfake.com","11949 Noe Plain","North Wilfordborough","Louisiana","Poland","06528"
52,"Bartoletti LLC","Switchable uniform installation","architect front-end architectures","bartolettillcfake.com","9533 Zella Station","Lake Peterstad","Maryland","Christmas Island","55187"
53,"Kertzmann - Gulgowski","Operative directional standardization","optimize visionary functionalities","kertzmann-gulgowskifake.com","35876 Ciara Cape","West Zoey","Ohio","Northern Mariana Islands","70746-7764"
54,"Hilpert Inc","Fundamental zero defect benchmark","architect integrated action-items","hilpertincfake.com","87482 Belle Walk","Bernhardhaven","Idaho","Equatorial Guinea","64743-2409"
55,"Bernier Inc","Front-line leading edge core","leverage bricks-and-clicks eyeballs","bernierincfake.com","839 West Creek","East Freida","California","Cocos (Keeling) Islands","49268"
56,"Muller LLC","Business-focused leading edge complexity","visualize interactive partnerships","mullerllcfake.com","99070 Stone Passage","Albany","Delaware","Iceland","24598"
57,"Shanahan Group","Decentralized heuristic artificial intelligence","generate collaborative solutions","shanahangroupfake.com","7872 Forrest Alley","Lake Westleyfurt","Tennessee","Poland","58350"
58,"Johns, Kuphal and Schuster","Phased 24 hour strategy","embrace strategic paradigms","johnskuphalandschusterfake.com","811 Luigi Coves","Trompview","Texas","Russian Federation","37925"
59,"Zulauf, Swaniawski and Bayer","Synergized actuating functionalities","e-enable seamless relationships","zulaufswaniawskiandbayerfake.com","036 Schimmel Course","Nikolausstad","California","Saint Pierre and Miquelon","95767"
60,"Kunze Inc","De-engineered high-level policy","exploit interactive action-items","kunzeincfake.com","2926 Gay Views","Sigmundmouth","Minnesota","Tajikistan","14816-9703"
61,"Mitchell and Sons","Advanced leading edge orchestration","whiteboard value-added metrics","mitchellandsonsfake.com","334 Medhurst Burg","New Alfredamouth","Oklahoma","Martinique","68925-9288"
62,"Bauch, Upton and Miller","Cross-platform homogeneous extranet","enable mission-critical networks","bauchuptonandmillerfake.com","5707 Roberts Gardens","Lake Sylvesterville","Delaware","Ecuador","16529"
63,"Schulist Group","Versatile transitional archive","deploy sexy e-markets","schulistgroupfake.com","56646 Price View","New Josie","Nevada","Martinique","18352-7733"
64,"Beier Inc","Right-sized 3rd generation portal","drive open-source blockchains","beierincfake.com","03040 Walsh Landing","Johathanchester","Kentucky","Saint Lucia","09705"
65,"Weimann, Ondricka and VonRueden","Virtual non-volatile algorithm","syndicate B2B architectures","weimannondrickaandvonruedenfake.com","12063 Schiller Island","South Deloresfurt","New Mexico","Luxembourg","18246"
66,"Zemlak Group","Proactive human-resource moratorium","mesh visionary portals","zemlakgroupfake.com","874 Kattie Green","Klockomouth","Nebraska","South Africa","06167-2587"
67,"Durgan - Powlowski","Devolved full-range paradigm","reintermediate world-class infrastructures","durgan-powlowskifake.com","62543 Royal Crossroad","Kuphalstad","Ohio","Kazakhstan","34486-6690"
68,"Crooks - Krajcik","Streamlined holistic website","empower virtual markets","crooks-krajcikfake.com","231 Montana Square","New Gastonside","Colorado","Lesotho","01506"
69,"Cronin, McClure and Carroll","Integrated 3rd generation implementation","syndicate revolutionary methodologies","croninmcclureandcarrollfake.com","47117 William Junction","Carmelachester","Texas","Guatemala","25795-7317"
70,"Jacobson, Russel and Wilderman","Self-enabling encompassing functionalities","cultivate clicks-and-mortar niches","jacobsonrusselandwildermanfake.com","4359 Wanda Ways","Crystelshire","New Hampshire","Argentina","98092"
71,"Hagenes and Sons","Persistent tertiary core","synergize 24/365 markets","hagenesandsonsfake.com","3067 Barrows Plaza","Lake Emerson","Illinois","Guernsey","52443"
72,"Brown - Schuppe","Up-sized analyzing product","aggregate dynamic convergence","brown-schuppefake.com","4838 Goodwin Forks","Olsonton","Maine","Virgin Islands, British","08100-2019"
73,"Mosciski Inc","Customizable logistical access","integrate virtual models","mosciskiincfake.com","02850 Marcelo Fords","Langoshland","California","Rwanda","79312-2511"
74,"Ledner - Roberts","Right-sized bottom-line help-desk","synergize leading-edge bandwidth","ledner-robertsfake.com","888 Erdman Lakes","East Malikaland","Ohio","Croatia","23400-2557"
75,"Rutherford - Corkery","Persevering 6th generation ability","grow dot-com partnerships","rutherford-corkeryfake.com","048 Kyra Lodge","North Aaliyahville","Georgia","Georgia","54055-3066"
76,"Lubowitz - Ankunding","Decentralized 24 hour migration","harness front-end infomediaries","lubowitz-ankundingfake.com","7383 Haag Mews","New Mallie","Louisiana","Paraguay","52788"
77,"Shanahan, White and Purdy","User-friendly scalable function","redefine intuitive e-tailers","shanahanwhiteandpurdyfake.com","972 Donnelly Tunnel","Shanahanside","Arkansas","United Kingdom","13598-8841"
78,"Muller and Sons","Innovative content-based knowledge base","mesh B2B e-business","mullerandsonsfake.com","868 Jamison Club","West Wilford","Florida","Nigeria","07461"
79,"Satterfield - Steuber","Multi-layered composite synergy","scale world-class schemas","satterfield-steuberfake.com","0673 Isabel Port","Adolphhaven","Georgia","Ethiopia","90787-0219"
80,"Grant, Welch and Schuppe","Reverse-engineered discrete knowledge user","recontextualize distributed systems","grantwelchandschuppefake.com","489 Glover Cliffs","Macejkovicshire","New Jersey","Saint Vincent and the Grenadines","97719"
81,"Schaden - Stiedemann","Operative non-volatile archive","e-enable vertical methodologies","schaden-stiedemannfake.com","082 Weissnat Pike","Leschhaven","Tennessee","Finland","54649-0381"
82,"Kiehn and Sons","Exclusive regional analyzer","reintermediate frictionless metrics","kiehnandsonsfake.com","779 Finn Drive","South Eleanoreport","Washington","Bulgaria","77373"
83,"Kreiger - Oberbrunner","Future-proofed asymmetric solution","implement proactive convergence","kreiger-oberbrunnerfake.com","40292 Alexandria Inlet","South Keshawn","Nevada","Moldova","95111-1643"
84,"Nolan and Sons","Configurable upward-trending website","innovate extensible ROI","nolanandsonsfake.com","818 Maximillian Spurs","East Nellie","Virginia","Virgin Islands, U.S.","62967"
85,"Quigley - Ward","Reverse-engineered national benchmark","deploy plug-and-play platforms","quigley-wardfake.com","5864 Myrtice Pines","Welchport","Utah","Philippines","34416"
86,"Wunsch - Schmidt","Customer-focused user-facing software","exploit ubiquitous interfaces","wunsch-schmidtfake.com","9862 Dalton Underpass","Erniefort","California","Saint Lucia","65330"
87,"Robel LLC","Intuitive full-range methodology","integrate leading-edge ROI","robelllcfake.com","8812 Wilkinson Islands","West Skylarberg","New Jersey","Wallis and Futuna","44337"
88,"Rippin - Gusikowski","Re-engineered leading edge internet solution","mesh plug-and-play niches","rippin-gusikowskifake.com","4058 Goyette Garden","Juvenalburgh","Hawaii","Cambodia","90340-7301"
89,"Brakus LLC","Seamless 24 hour array","aggregate enterprise paradigms","brakusllcfake.com","98165 Hessel Forks","Montgomery","California","Namibia","88592"
90,"Lang Inc","Extended static frame","enhance dot-com mindshare","langincfake.com","0555 Schiller Track","South Cali","Alabama","San Marino","98690-4771"
91,"Gusikowski - Murphy","Compatible interactive customer loyalty","brand cutting-edge applications","gusikowski-murphyfake.com","189 Goldner Flats","Wernerville","Idaho","Slovenia","48784-3298"
92,"Crooks, Hahn and Littel","Profound content-based Graphical User Interface","leverage front-end methodologies","crookshahnandlittelfake.com","1903 Leffler Lakes","Lindgrenland","New Mexico","Moldova","01433-5018"
93,"Veum, Mosciski and Schuster","Public-key asymmetric Graphic Interface","deliver B2C networks","veummosciskiandschusterfake.com","62928 Toy Pass","Delilahside","Wyoming","Mauritius","63268"
94,"McKenzie, Cole and Parisian","Reduced system-worthy analyzer","drive synergistic blockchains","mckenziecoleandparisianfake.com","773 Earnestine Dale","North Bulahshire","Tennessee","Thailand","15220"
95,"Jaskolski - Lehner","Balanced scalable leverage","harness strategic methodologies","jaskolski-lehnerfake.com","78305 Breanna Plains","North Merlshire","Georgia","Libyan Arab Jamahiriya","06877"
96,"Jones, Homenick and Greenholt","Assimilated discrete model","benchmark transparent relationships","joneshomenickandgreenholtfake.com","506 Leuschke Avenue","Lake Neomaburgh","Wisconsin","Hungary","94966-9297"
97,"Morar LLC","Synergized bandwidth-monitored intranet","cultivate wireless applications","morarllcfake.com","765 Isaias Villages","Curtischester","Washington","Yemen","59945"
98,"Weimann LLC","Assimilated cohesive matrices","evolve cutting-edge supply-chains","weimannllcfake.com","8211 Raphaelle Forges","North Serenaview","Michigan","Lesotho","46785-7434"
99,"Mayert, Emard and Mraz","Function-based interactive groupware","seize robust deliverables","mayertemardandmrazfake.com","5132 Mohr Village","Port Jerad","Washington","Sweden","68947-0490"
100,"Balistreri - Walter","User-centric 24/7 moratorium","extend innovative deliverables","balistreri-walterfake.com","7512 Josiane Avenue","Reinholdshire","South Carolina","Reunion","36701-7040"